{
    "chains": [
        {
            "name": "juno",
            "chain_id": "localjuno-1",
            "denom": "ujuno",
            "binary": "junod",
            "bech32_prefix": "juno",
            "docker_image": {
                "repository": "ghcr.io/cosmoscontracts/juno",
                "version": "v17.0.0",
                "uid-gid": "1000:1000"
            },
            "gas_prices": "0%DENOM%",
            "chain_type": "cosmos",
            "coin_type": 118,
            "trusting_period": "112h",
            "gas_adjustment": 2.0,
            "number_vals": 2,
            "number_node": 0,
            "debugging": true,
            "block_time": "5000ms",
            "host_port_override": {
                "26657": "26657",
                "1317": "1317",
                "9090": "9090"
            },
            "config_file_overrides": [
                {
                    "file": "config/config.toml",
                    "paths": {
                        "moniker": "localic",
                        "rpc.cors_allowed_origins": ["*"]
                    }
                }
            ],
            "genesis": {
                "modify": [
                    {
                        "key": "app_state.gov.params.voting_period",
                        "value": "15s"
                    },
                    {
                        "key": "app_state.gov.params.max_deposit_period",
                        "value": "15s"
                    },
                    {
                        "key": "app_state.gov.params.min_deposit.0.denom",
                        "value": "ujuno"
                    },
                    {
                        "key": "app_state.gov.params.min_deposit.0.amount",
                        "value": "1"
                    }
                ],
                "accounts": [
                    {
                        "name": "acc0",
                        "address": "juno1hj5fveer5cjtn4wd6wstzugjfdxzl0xps73ftl",
                        "amount": "10000000000%DENOM%",
                        "mnemonic": "decorate bright ozone fork gallery riot bus exhaust worth way bone indoor calm squirrel merry zero scheme cotton until shop any excess stage laundry"
                    },
                    {
                        "name": "acc1",
                        "address": "juno1efd63aw40lxf3n4mhf7dzhjkr453axurv2zdzk",
                        "amount": "10000000000%DENOM%",
                        "mnemonic": "wealth flavor believe regret funny network recall kiss grape useless pepper cram hint member few certain unveil rather brick bargain curious require crowd raise"
                    }
                ],
                "startup_commands": [
                    "%BIN% keys add example-key-after --keyring-backend test --home %HOME%"
                ]
            }
        }
    ]
}