{
    "chains": [
        {
            "name": "gaia",
            "chain_id": "localcosmos-1",
            "denom": "uatom",
            "binary": "gaiad",
            "bech32_prefix": "cosmos",
            "docker_image": {
                "version": "v9.1.0"
            },
            "host_port_override": {
                "26657": "26657",
                "1317": "1317",
                "9090": "9090"
            },
            "block_time": "2s",
            "gas_prices": "0%DENOM%",
            "gas_adjustment": 2.0,
            "ibc_paths": ["atom-juno", "atom-terra"],
            "genesis": {
                "accounts": [
                    {
                        "name": "acc0",
                        "address": "cosmos1hj5fveer5cjtn4wd6wstzugjfdxzl0xpxvjjvr",
                        "amount": "10000000%DENOM%",
                        "mnemonic": "decorate bright ozone fork gallery riot bus exhaust worth way bone indoor calm squirrel merry zero scheme cotton until shop any excess stage laundry"
                    }
                ]
            }
        },
        {
            "name": "juno",
            "chain_id": "localjuno-1",
            "binary": "junod",
            "bech32_prefix": "juno",
            "denom": "ujuno",
            "docker_image": {
                "repository": "ghcr.io/cosmoscontracts/juno",
                "version": "v17.0.0"
            },
            "block_time": "2s",
            "gas_prices": "0%DENOM%",
            "gas_adjustment": 2.0,
            "ibc_paths": ["atom-juno", "juno-terra"]
        },
        {
            "name": "terra",
            "chain_id": "localterra-1",
            "binary": "terrad",
            "bech32_prefix": "terra",
            "denom": "uluna",
            "docker_image": {
                "version": "v2.3.4"
            },
            "block_time": "2s",
            "gas_prices": "0%DENOM%",
            "gas_adjustment": 2.0,
            "ibc_paths": ["atom-terra", "juno-terra"]
        }
    ]
}