{
    "chains": [
        {
            "name": "gaia",
            "chain_id": "localcosmos-1",
            "denom": "uatom",
            "binary": "gaiad",
            "bech32_prefix": "cosmos",
            "docker_image": {
                "version": "v15.0.0-rc2"
            },
            "gas_prices": "0%DENOM%",
            "chain_type": "cosmos",
            "coin_type": 118,
            "trusting_period": "336h",
            "gas_adjustment": 1.3,
            "number_vals": 1,
            "number_node": 0,
            "debugging": true,
            "block_time": "1s",
            "genesis": {
                "modify": [
                    {
                        "key": "app_state.gov.params.voting_period",
                        "value": "3s"
                    },
                    {
                        "key": "app_state.interchainaccounts.host_genesis_state.params.allow_messages",
                        "value": [
                            "/cosmos.bank.v1beta1.MsgSend",
                            "/cosmos.bank.v1beta1.MsgMultiSend",
                            "/cosmos.staking.v1beta1.MsgDelegate",
                            "/cosmos.staking.v1beta1.MsgUndelegate",
                            "/cosmos.staking.v1beta1.MsgBeginRedelegate",
                            "/cosmos.staking.v1beta1.MsgRedeemTokensforShares",
                            "/cosmos.staking.v1beta1.MsgTokenizeShares",
                            "/cosmos.distribution.v1beta1.MsgWithdrawDelegatorReward",
                            "/cosmos.distribution.v1beta1.MsgSetWithdrawAddress",
                            "/ibc.applications.transfer.v1.MsgTransfer"
                        ]
                    }
                ],
                "accounts": [
                    {
                        "name": "acc0",
                        "address": "cosmos1hj5fveer5cjtn4wd6wstzugjfdxzl0xpxvjjvr",
                        "amount": "10000000000%DENOM%",
                        "mnemonic": "decorate bright ozone fork gallery riot bus exhaust worth way bone indoor calm squirrel merry zero scheme cotton until shop any excess stage laundry"
                    }
                ]
            }
        },
        {
            "name": "ics-consumer",
            "chain_id": "localneutron-1",
            "denom": "untrn",
            "binary": "neutrond",
            "bech32_prefix": "neutron",
            "docker_image": {
                "version": "v3.0.4",
                "repository": "ghcr.io/strangelove-ventures/heighliner/neutron"
            },
            "gas_prices": "0.0untrn,0.0uatom",
            "chain_type": "cosmos",
            "coin_type": 118,
            "trusting_period": "336h",
            "gas_adjustment": 1.3,
            "number_vals": 1,
            "number_node": 0,
            "ics_consumer_link": "localcosmos-1",
            "debugging": true,
            "block_time": "1s",
            "genesis": {
                "modify": [
                    {
                        "key": "consensus_params.block.max_gas",
                        "value": "100000000"
                    },
                    {
                        "key": "app_state.ccvconsumer.params.soft_opt_out_threshold",
                        "value": "0.05"
                    },
                    {
                        "key": "app_state.ccvconsumer.params.reward_denoms",
                        "value": [
                            "untrn"
                        ]
                    },
                    {
                        "key": "app_state.ccvconsumer.params.provider_reward_denoms",
                        "value": [
                            "uatom"
                        ]
                    },
                    {
                        "key": "consensus_params.block.max_gas",
                        "value": "1000000000"
                    },
                    {
                        "key": "app_state.globalfee.params.minimum_gas_prices",
                        "value": [
                            {
                                "denom": "untrn",
                                "amount": "0"
                            }
                        ]
                    },
                    {
                        "key": "app_state.feeburner.params.treasury_address",
                        "value": "neutron1hj5fveer5cjtn4wd6wstzugjfdxzl0xpznmsky"
                    },
                    {
                        "key": "app_state.tokenfactory.params.fee_collector_address",
                        "value": "neutron1hj5fveer5cjtn4wd6wstzugjfdxzl0xpznmsky"
                    },
                    {
                        "key": "app_state.interchainaccounts.host_genesis_state.params.allow_messages",
                        "value": [
                            "/cosmos.bank.v1beta1.MsgSend",
                            "/cosmos.bank.v1beta1.MsgMultiSend",
                            "/cosmos.staking.v1beta1.MsgDelegate",
                            "/cosmos.staking.v1beta1.MsgUndelegate",
                            "/cosmos.staking.v1beta1.MsgBeginRedelegate",
                            "/cosmos.staking.v1beta1.MsgRedeemTokensforShares",
                            "/cosmos.staking.v1beta1.MsgTokenizeShares",
                            "/cosmos.distribution.v1beta1.MsgWithdrawDelegatorReward",
                            "/cosmos.distribution.v1beta1.MsgSetWithdrawAddress",
                            "/ibc.applications.transfer.v1.MsgTransfer",
                            "/ibc.lightclients.localhost.v2.ClientState",
                            "/ibc.core.client.v1.MsgCreateClient",
                            "/ibc.core.client.v1.Query/ClientState",
                            "/ibc.core.client.v1.Query/ConsensusState",
                            "/ibc.core.connection.v1.Query/Connection"
                        ]
                    }
                ],
                "accounts": [
                    {
                        "name": "acc0",
                        "address": "neutron1hj5fveer5cjtn4wd6wstzugjfdxzl0xpznmsky",
                        "amount": "10000000000%DENOM%",
                        "mnemonic": "decorate bright ozone fork gallery riot bus exhaust worth way bone indoor calm squirrel merry zero scheme cotton until shop any excess stage laundry"
                    }
                ]
            }
        }
    ]
}