{
    "chains": [
        {
            "name": "ethereum",
            "chain_id": "31337",
            "denom": "wei",
            "binary": "anvil",
            "bech32_prefix": "0x",
            "docker_image": {
                "repository": "ghcr.io/foundry-rs/foundry",
                "version": "latest"
            },
            "gas_prices": "0",
            "chain_type": "ethereum",
            "coin_type": 60,
            "trusting_period": "0",
            "gas_adjustment": 0,
            "debugging": true,
            "host_port_override": {
                "8545": "8545"
            },
            "config_file_overrides": [
                {
                    "paths": {
                        "--load-state": "chains/state/avs-and-eigenlayer-deployed-anvil-state.json"
                    }
                }
            ]
        }
    ]
}