{
    "chains": [
        {
            "name": "juno",
            "chain_id": "localjuno-1",
            "denom": "ujuno",
            "binary": "junod",
            "bech32_prefix": "juno",
            "docker_image": {
                "repository": "ghcr.io/cosmoscontracts/juno",
                "version": "v17.0.0"
            },
            "gas_prices": "0%DENOM%",
            "chain_type": "cosmos",
            "coin_type": 118,
            "trusting_period": "112h",
            "gas_adjustment": 2.0,
            "number_vals": 1,
            "number_node": 0,
            "block_time": "500ms",
            "host_port_override": {
                "26657": "26657",
                "1317": "1317",
                "9090": "9090"
            },
            "ibc_paths": ["juno-ibc-1"],
            "debugging": true,
            "genesis": {
                "modify": [
                    {
                        "key": "app_state.gov.params.voting_period",
                        "value": "15s"
                    },
                    {
                        "key": "app_state.gov.params.max_deposit_period",
                        "value": "15s"
                    },
                    {
                        "key": "app_state.gov.params.min_deposit.0.denom",
                        "value": "ujuno"
                    }
                ],
                "accounts": [
                    {
                        "name": "acc0",
                        "address": "juno1hj5fveer5cjtn4wd6wstzugjfdxzl0xps73ftl",
                        "amount": "10000000%DENOM%",
                        "mnemonic": "decorate bright ozone fork gallery riot bus exhaust worth way bone indoor calm squirrel merry zero scheme cotton until shop any excess stage laundry"
                    },
                    {
                        "name": "acc1",
                        "address": "juno1efd63aw40lxf3n4mhf7dzhjkr453axurv2zdzk",
                        "amount": "10000000%DENOM%",
                        "mnemonic": "wealth flavor believe regret funny network recall kiss grape useless pepper cram hint member few certain unveil rather brick bargain curious require crowd raise"
                    }
                ]
            }
        },
        {
            "name": "juno",
            "chain_id": "localjuno-2",
            "binary": "junod",
            "bech32_prefix": "juno",
            "denom": "ujuno",
            "docker_image": {
                "repository": "ghcr.io/cosmoscontracts/juno",
                "version": "v17.0.0"
            },
            "genesis": {
                "accounts": [
                    {
                        "name": "second0",
                        "address": "juno1hj5fveer5cjtn4wd6wstzugjfdxzl0xps73ftl",
                        "amount": "10000000%DENOM%",
                        "mnemonic": "decorate bright ozone fork gallery riot bus exhaust worth way bone indoor calm squirrel merry zero scheme cotton until shop any excess stage laundry"
                    },
                    {
                        "name": "second1",
                        "address": "juno1efd63aw40lxf3n4mhf7dzhjkr453axurv2zdzk",
                        "amount": "10000000%DENOM%",
                        "mnemonic": "wealth flavor believe regret funny network recall kiss grape useless pepper cram hint member few certain unveil rather brick bargain curious require crowd raise"
                    }
                ]
            },
            "block_time": "500ms",
            "gas_prices": "0%DENOM%",
            "gas_adjustment": 2.0,
            "ibc_paths": ["juno-ibc-1"]
        }
    ]
}