{
    "chains": [
        {
            "name": "osmosis",
            "chain_id": "localosmo-1",
            "denom": "uosmo",
            "binary": "osmosisd",
            "host_port_override": {
                "26657": "26657",
                "1317": "1317",
                "9090": "9090"
            },
            "bech32_prefix": "osmo",
            "docker_image": {
                "version": "v25.0.0"
            },
            "ibc_paths": ["osmo-ibc-1"]
        },
        {
            "name": "osmosis",
            "chain_id": "localosmo-2",
            "denom": "uosmo",
            "binary": "osmosisd",
            "bech32_prefix": "osmo",
            "docker_image": {
                "version": "v25.0.0"
            },
            "ibc_paths": ["osmo-ibc-1"]
        }
    ]
}


